Pair,Icon,Skeleton
CCAC0E0A2A0A836F77E2AB0A4516BBD6ABA18F0F918DA0665CD3A80E42732E94-3CDCEFD582138F3D2AF58A98A6E9778CD728ADAA58B166F9998BDF90580E1E57,N,Y
AE064DED6254AD4803F55E441B871038AC7234CBEBCB7E6E24AAA466809438A2-6F20812F30E88E4E2CEE883E1BAA5A1605235922A15FF686468640CD75855BD6,N,Y
CA9ABD8910A23DD6495ED41FAA4A5AE4615D14FF314D1360469916DAFF3430B6-78940D921B34BA247E316659C5964B301E2155C44057BA4F07D52910ADE0739B,Y,Y
207372D9CEBA37447FD284C00547A853B1808271C8C0C75440D3F87C984FE833-707ED86FC6CE7516547E09C63BE1AE02EC1B1DA3C6E03F98D0E84DBFF43108AA,N,Y
FF57A00F7110A08ACBE92D7AE483E3E1A52FA210605114386EA8446BF426635C-74E7646647BF95E24BB91949371A02D52BBB4EC0E5C7B0DC55FF5632484AED76,N,Y
000595C346096B92B073F3A7C055FFE466EDCF3E51E017C280FEAB641E3D95D3-3F390B8C822EE9AACAD4DC24CD0C40639FDC84D15B2C858377001AA207A8173A,N,Y
000EE4E31CCCADDB3B9E301BD803CEED512B06F31D149C2E248545B49F4EE967-D73C16E1BE06B4360EA13B1E25E2933BBC99AD5CB824B31B424A6BA09B3436AC,N,Y
0182F8E03306449F87C6C26204CA014CF79E180EFB1560749BE1BCBE4D49045C-7BF21599AB895E19998F2C52ACD2743088A191416D74D1A37AA17B21554C7C41,Y,Y
01C65038BBC68CE7948C6896BBB554EDB5BD3EB8D2CCB9E4D2031FE831E0C427-0F13EE3C7CABE5C1EC33B0D7215E8B3F0F436D8485BA69722F46B91A6E541503,N,Y
01E3466D2B9899F61C2461FABC544E32BBAB1CBFCF4EBC978156941DF684ADED-16090C8B32A027397379AA84543F26A5E73CB333ED1AB5A019AB2CE5C9441FB5,N,N
021A22CA72BF54C2C9C2F8486541AA5ED3884415D31F6C2EA828129A88E5A8C3-507838EB98F6EC500717064AFF02DECE3904BB9B59B2EDE62C4B4F7594EFE3B9,Y,Y
0266DB888CEBAE8F981F853D24C6177C53E7D462960D944C2417C4B56752D84C-0FEDA66169C58AFB86FBA2A22E4812C9537110E8FC3C80AD29581418049906B4,N,Y
02674BF1FE4E23F9674FEE8C4F673C2E0EF25A544C47F532F9B9BCD8EC489D5F-42A5BC41751D06974A507DF71C8365CBE421478B3735A4E8C5BC54C8B4DA3CBC,N,N
02A33F1131F55F1AE1E3984A73ADAF38874CBAE44CF42774FD08656E7170BED2-12DC43E9211A3F75A108A633E3994B4CC42C20E651E59E097F27BBB6B960DE97,Y,Y
02A81B2233319920471B5CC418E7FF6B7AB017EF1499D03E91F70D269172BC78-17633039654A777AD57480431199294CFB923D18DBCE0FCFF3F23856A98FEFD7,N,Y
02A81B2233319920471B5CC418E7FF6B7AB017EF1499D03E91F70D269172BC78-21D60115CA9BFA9B38B1C8878626053E294D0BA34A83213CD937F0FE949AAE4C,N,Y
02A81B2233319920471B5CC418E7FF6B7AB017EF1499D03E91F70D269172BC78-4F19DFA930D97C9FD57762D7B4ECA1E2F5DF0672F75A2A8A4EF14B93064E6776,N,Y
02A81B2233319920471B5CC418E7FF6B7AB017EF1499D03E91F70D269172BC78-5E4747CB10013AB71ED22C48DBD858118832C2E89330F04E8B2F27DF68CECCDC,N,Y
02A81B2233319920471B5CC418E7FF6B7AB017EF1499D03E91F70D269172BC78-B38CE10360AB9015ADDF178880D2A4DE01FF568295764212FA3FD58E1DD18C02,N,Y
02D50EB994AC82A4F3992D48232B7705EE68ED35B8DB57C90B4E99FC03672B25-537F70B16661CCDD09AD8E6C483CC0E2B6B17BD0AA508E2DD037CBC46E3651D5,N,N
02D50EB994AC82A4F3992D48232B7705EE68ED35B8DB57C90B4E99FC03672B25-6E64657F390810D424F96A422ED824A9814BE1FAD4A3A28378D9582D79837C40,N,N
0384D830625CDDE7BEDB206AAD684C2060EB789C919C91BC4251395D2297793C-05EED1AE32EBBCE1A397B0886BEE705AA79B75BC4FC2B175B9987BED0914B95F,N,Y
03AE13C1BC8E498058F54C1E30B5EA145208D27E832721CF5271794F4355ACD1-2DCE45C852EA20F6731D30A4162FE920A9FBD4892D5193585DCD447F5F5EF4CE,Y,Y
03BD8AF476648E3C478BAB442ABDC986044EA95FD1005C8C2356CD474F07C842-DF07CC4CB3F00726334952F2CC4570FC4A396E0148608DF04A850262B6F27139,N,Y
03D113CA8D8CE82AD0EA74870533F9A8733BA1AC797F7F8A5A13B78332FCF66A-61669707EB7555D87E5BF5F753607D5C35FE6E41DF3D39207687EF476D9F11AA,Y,Y
03E0C04BF2D10EADBBA7782AA764E30DD8D702C4C7EA5DD271B21661D337013D-03F4334AFE745FB5B0CF04B789ED767E11E9B1E09437D8EDA91B559060C8DE0D,N,N
03E0C04BF2D10EADBBA7782AA764E30DD8D702C4C7EA5DD271B21661D337013D-32632B3A33FF8AB1ED4EFB45BB52C396799BA2EC91D8F7E19619C76FED806D05,N,N
04134211F5E4FC47B6E1225C48D9C62A8348FB6B373F9A6CC52F735A52638E2E-222744600C3F48715059DFC69DF686211C7154128DAFF8D7648C5987177F6098,N,N
042BB7789EB6B7D659669AC3503629403D80ABDE7A076BD73E41DFC1C897575A-3C4FD8EF959E08828463C29CAFC92C0DE77FA7175B901E333D28E18CB28C624B,N,Y
0492A80E15621E0F841443D126E77A012DBF2779A873A5C6604FC504654050F8-47B8BF066F0707DA0BBA247CD7C0B450FB58A14C3A1B2CCF98DE9B4EFEAB900E,N,Y
04FBD91F9A09C950F3FAD50B6CE1DF73A6D1FE45996F0A417E31C23D6B2CAD50-15B1EBBDE3C3BD2027ACD7493C7F24B284557B5CC74D3A0B35C3024DC32426EC,N,Y
04FBD91F9A09C950F3FAD50B6CE1DF73A6D1FE45996F0A417E31C23D6B2CAD50-7B3AF58DA07B643094372066B8BD2036AA3A28FA2DE74C7971463A5633B690C7,N,N
05113666FAEC155D2661BBB2F9D37A9F8F9FA678A4671C6D26C5EBEDC53706CB-0DF6F35BE51D134DB267BAE677D3B32A65458263C15C5AFB7B065A02A0F18082,Y,Y
05113666FAEC155D2661BBB2F9D37A9F8F9FA678A4671C6D26C5EBEDC53706CB-2C95AC7BE36A064EE26E8BE63320067EBE0A3858CE409C9A6A38EAC58E74245E,N,Y
05113666FAEC155D2661BBB2F9D37A9F8F9FA678A4671C6D26C5EBEDC53706CB-2D3C7C3D58225B45089DF4D067DE452290725BEE468CB407FFB3A53309E551D3,N,Y
05113666FAEC155D2661BBB2F9D37A9F8F9FA678A4671C6D26C5EBEDC53706CB-4A1D51BD23681DCCB0FB32C8B66604391720EC6803E4C1A66B6A2154123969D1,Y,Y
05113666FAEC155D2661BBB2F9D37A9F8F9FA678A4671C6D26C5EBEDC53706CB-AB45607D11EFD709FD934D7884CB6D3674FBF5CE5CB2BF4AD5C53F8322BF4F0E,Y,Y
053C960914261B9D6D2BAA8C83AE7C414DA5DEEF98A6AEC6ADF22D95549317FD-036BE59A039A0C7A54D34B1CB14EEDB60DCC0A9F80D250E7BC74CE0466904645,N,Y
053C960914261B9D6D2BAA8C83AE7C414DA5DEEF98A6AEC6ADF22D95549317FD-12B054C6F01E7527103973ED3F44EF9B6CD1F0EF1229A88BD3C08639AC2BCEC6,N,Y
053C960914261B9D6D2BAA8C83AE7C414DA5DEEF98A6AEC6ADF22D95549317FD-84DC7C420BD32675121806C3F8D93834036550531218FD4975183E6928E2E478,N,Y
05561A933067E69FE04F03CF42E4F85F98F667620424515432A8FDE316D7BBD4-08DEBA985DAFF023DD0DACFB9E92D72DED4C6F2FBE1D56D20D0A199C09EBF262,Y,Y
05561A933067E69FE04F03CF42E4F85F98F667620424515432A8FDE316D7BBD4-2C797E2738DEEF02DDECC927687A5F90172C26B4D70027F3F06DF4BD2C45D739,Y,Y
05561A933067E69FE04F03CF42E4F85F98F667620424515432A8FDE316D7BBD4-562E7ADF597FA231599E3FFD8E01961C6EC7EAFAFED8A8AD337D23DC6F90C340,Y,Y
05561A933067E69FE04F03CF42E4F85F98F667620424515432A8FDE316D7BBD4-9452EEC8298DAA9B0997AF3CE48F3AB4649D7ACB65984E7BF22111C36AE82F0D,Y,Y
05561A933067E69FE04F03CF42E4F85F98F667620424515432A8FDE316D7BBD4-E8F88CA630A01E5327245F138493A7B9E3BF77B4C4126769EFF591B7DC830986,Y,Y
05561A933067E69FE04F03CF42E4F85F98F667620424515432A8FDE316D7BBD4-EB7612A2CFD167659EE040CE85BDE8DC4B9BF96C182A51075DA20395E5A327D2,Y,Y
05667DDF242B81000B2D29946A63C1113162C8C72FF13B82464C123DA26C64A3-3FF73591AB3C0BD3D8271A3F5B5643154F3E4D6DFF7203FBFFF052AEA71BB9B1,Y,Y
0575E5EB1BDF23396923878B84022DAE3247D1ED6BBB60D492E641855CA8E4FD-00880A28193627DAA0BF3E7231F50CEB059F548CAAF64B54A45F80BC445D31F5,N,Y
05A7967D30B96EEE388D93AEB93D582DF59EDC88CCD05849C6DB04C4FB7BE867-4AF6D22B2FC32ADCEED66A6A4B50050AEF2C98F771B49E34D658836104365EBE,Y,Y
0612E11A0CA4DFF1565DB927DADD2E82FEC7D89DD1B1D0FC0264F7C2B23799AA-012DFC68D8B47893F5E84D40BBB7A72103786BB49838B3F0AAA1882D14D69C15,N,Y
0612E11A0CA4DFF1565DB927DADD2E82FEC7D89DD1B1D0FC0264F7C2B23799AA-4492CF8645C3E8D5E53BC1E827186AC4C5742E53597EC0DB9FD0F2238807E43B,N,Y
0612E11A0CA4DFF1565DB927DADD2E82FEC7D89DD1B1D0FC0264F7C2B23799AA-4904CD56BE5A4377E2B198C11D704BA41922012D271C124BED7F1CD09699FF49,N,Y
0612E11A0CA4DFF1565DB927DADD2E82FEC7D89DD1B1D0FC0264F7C2B23799AA-5AC13BB65C1D2A9B993CC547BA3B37E00A866CD4AD41098490C57E7297CEB48D,N,Y
0612E11A0CA4DFF1565DB927DADD2E82FEC7D89DD1B1D0FC0264F7C2B23799AA-BD253538DDD48662C456FB9822375D68E56A4EB4C48963DFCFFED5CA3EEA68D7,N,Y
061E8BB05F96BF25C4DC8A7E7901BDCB9458B78A14BD4D5890D80D536550F365-0BC298BE90AEBF8C5183B6E6200F36C476B1376EF7EFC3153007E5863C65CC89,N,Y
061E8BB05F96BF25C4DC8A7E7901BDCB9458B78A14BD4D5890D80D536550F365-1629C88D23B1F3F56C6F2559D66A8BB6CBA0DFF77D29F3B1FBFDB5F50C7D4B70,N,Y
061E8BB05F96BF25C4DC8A7E7901BDCB9458B78A14BD4D5890D80D536550F365-167FB8E33431715DB1560C83AFD29244EF987DD6555E98378788EEE425A3B0E2,N,Y
061E8BB05F96BF25C4DC8A7E7901BDCB9458B78A14BD4D5890D80D536550F365-275B66AB2F638CDA9EF4E6D6F058225AC8BA3FCFB5F78D117BB5527DE5392D96,N,Y
061E8BB05F96BF25C4DC8A7E7901BDCB9458B78A14BD4D5890D80D536550F365-3DC280D90CF9B33D86DEBA60A549650CBAAED0131F100E37F4C81CD51182AE79,N,Y
061E8BB05F96BF25C4DC8A7E7901BDCB9458B78A14BD4D5890D80D536550F365-5B253B31E2FC606BCE4E3A928D65C2D888333FE118DEA2B6066A632D4653AC4F,N,Y
061E8BB05F96BF25C4DC8A7E7901BDCB9458B78A14BD4D5890D80D536550F365-A450751DF34A50B2C193E140B0C9ED69009431D792461DF71083A998C99D9660,N,Y
061E8BB05F96BF25C4DC8A7E7901BDCB9458B78A14BD4D5890D80D536550F365-B93E3D00ED7CC3F3222B4B995D90B1D16022B2759F45DD456ED6C50CD0BCAD3E,N,Y
061E8BB05F96BF25C4DC8A7E7901BDCB9458B78A14BD4D5890D80D536550F365-D375F303C2EBDF8139D9B58EBD18D625ECD2F412DFAE34F66C9A4BF3896A945A,N,Y
061E8BB05F96BF25C4DC8A7E7901BDCB9458B78A14BD4D5890D80D536550F365-D4D931132F3030464974BB6AD149C762DCED49769E2B26C8AAF130554DB9731A,N,Y
0657454586550AB643B09593FBE25A66053B3040FABEDADAE02553DD1EB20BF6-22D48B651EDB9D727BA188B5E7AAD073FFF3E0CF6E810C78617B0CD9C5959193,Y,Y
0657ACCBB858FE0A54A1919E56F325193B1015DB528822E938FC597E4919FAF1-03E933B9A035E1FEE09FD0BB611178CE0115BE18ABA66D9E069664A579B98D24,N,N
0657ACCBB858FE0A54A1919E56F325193B1015DB528822E938FC597E4919FAF1-129423CF04336718AFD2BA7F6F06EE32DB7BD88C501B2EF0FE2E4AE3B44F1875,N,N
066D2F58568DBFEDB87E8B0EF098DA966ED7E20FBFCCB668700335C2FC3F5DC5-EC1666C72DF4818CAD0D2937D9A08AF394D0F2CA86C25A5ED232A5DB95DE8B9E,Y,Y
0739B63460857EA902FC0DB17FF4BEB2FACBAC43315686302DA90916B19EFC79-073C8BFE3B950849AA534EBFF75CEA6F67259FE2FD4DE7401AD80AAD030FFFFA,Y,Y
075806A838F718826A8B91BDD85E35C3ABB8D0C42A9CCE7EBCD57FEED9545B91-6C48F9ACC1EDA498BAE44E4BEB494E17B29696D5FC5ED07A622B020C380428A0,N,Y
07854850199A0860AA356336C4C952B0923530404D592192CE0BC241C7D56360-78A6A64BBA8290111D62C1B05B2162F51241FE91384D2568A2049C61E32DD520,N,Y
078CE600180C11E69780E6666ACFE4FEFDEAD2A7C2C2CA3CF4F2485B7FE10C26-5C36DD4A359DAFE019ECCAB75F53C5EADD60A018399C8A4CADA120B57DDAF5AF,N,Y
07CEEFCB1AB70284A7E8C99BA0DFE067C93C371A4A0D912B560D293CE0817C41-30B4CDF8385BA4AED6460934E499350A0BBE7663217486C53B14973312A12779,N,N
07D7AA0E1FFBFE49AC99194CA7A6D2E0D5EEBB758C87F5E91C85F4C8CB64A5F4-2DE29134943F9FE91C2EFC9724E0839E19EA1F09A62106A1FCBA73AA48D8B22D,N,Y
07FA96BFA109B8EEC66C663BD45EE8EC6854A3D07308BABFB6196D282FE0E367-38AAC88FDFEB28F4D94F3182531A5AFA86868623A059B265BB48D2D3F93F4BB0,N,Y
07FA96BFA109B8EEC66C663BD45EE8EC6854A3D07308BABFB6196D282FE0E367-778D7E1751D32222F71452C0E5FFAD20B7F6DCD702E76BCB5D94783C73D6273F,Y,Y
080B244C6F84BD5992D2D1F46B24CF4C7D2D036BC62C36F3FE16F9CB5BCC4570-06E2C75A30A3C526495013D34A0CB1A93A0D193FFCD00ABC032448122AD22191,Y,Y
080C04B011505CA95763B84BEAADBE5273E0FF4B48C74F883C21509AABF2D35D-05F1A125069998E74004169DCF87A4A0D8381AF6C3E86C5502AA9DCCDFC7BCF5,N,Y
0833206AFB356E25C71BAD908E3BEDC7557909FA6C1BEF934F395A034C34AB2B-39B2F71CBFDF3E3D2073744497BDD41F899D76E9FCE29C8BD10CAB9A439F16A1,Y,Y
084EB7833170AA6155EDAB31B7853B3B748922BDB2AE89F3849055183C2D2D51-028323E126F0E273BF553106C1589AB82786E9B1BAC64416177FCD4D2441BF39,N,Y
084EB7833170AA6155EDAB31B7853B3B748922BDB2AE89F3849055183C2D2D51-02FBFECD072DDAF600C34D4CDE62C34D18F87101F969762417B0FBFD57AEA2AE,N,Y
084EB7833170AA6155EDAB31B7853B3B748922BDB2AE89F3849055183C2D2D51-04DB4E63A2CEC7F4C808407794BFBCCAD121A5DDCE595B4BA70EECDBD2FA6EDE,N,Y
084EB7833170AA6155EDAB31B7853B3B748922BDB2AE89F3849055183C2D2D51-0D9B8A930DF358402B70E27765C5A2DC87C98D18A030A6EBD92FA2B5FD286B56,N,Y
084EB7833170AA6155EDAB31B7853B3B748922BDB2AE89F3849055183C2D2D51-10186C4AA0557FB272F1DE8A289A0D0B43FB9D7775202BF2BC0D36A32641109F,N,Y
084EB7833170AA6155EDAB31B7853B3B748922BDB2AE89F3849055183C2D2D51-1142AD69A3BBFCF924D9BE36B8D5FFDFC85B2E8F10C2CED423CDB01F08D14315,N,Y
084EB7833170AA6155EDAB31B7853B3B748922BDB2AE89F3849055183C2D2D51-11970A8639FE300D98E608B587E612C71235617D99E8CECCE1E9553DB4A4026C,N,Y
084EB7833170AA6155EDAB31B7853B3B748922BDB2AE89F3849055183C2D2D51-12479054EE0D1E1410AD94B5CE909431738A7016AE00BB7BA348112B1447289E,N,Y
084EB7833170AA6155EDAB31B7853B3B748922BDB2AE89F3849055183C2D2D51-12EB333992D9B4135DF592DE24194DA57821F44734D90073EAEA496A2B542B6A,N,Y
084EB7833170AA6155EDAB31B7853B3B748922BDB2AE89F3849055183C2D2D51-18CCF85DD93E34A73BCD45218A935CBA4FC857EBD6AFBAFF2A53C2803DE29957,N,Y
084EB7833170AA6155EDAB31B7853B3B748922BDB2AE89F3849055183C2D2D51-18FC5C48CA4A9C15B16614A1C65CDAF9BB5F151E6EAF2BF52596EE68E33C336C,N,Y
084EB7833170AA6155EDAB31B7853B3B748922BDB2AE89F3849055183C2D2D51-1BFAFD0164C17520B0AC055FF660AF9A9754124320474304A81FD4F36D7D453E,N,Y
084EB7833170AA6155EDAB31B7853B3B748922BDB2AE89F3849055183C2D2D51-1CD72D73242E4A08381613632FE6C39986CA2F4B1209D62EC1CB6357D45AE1A0,N,Y
084EB7833170AA6155EDAB31B7853B3B748922BDB2AE89F3849055183C2D2D51-1D038427C066116A0845FFFE6BB7FD136911EB5DD8EC9F1A0DCC0B77167B5435,N,Y
084EB7833170AA6155EDAB31B7853B3B748922BDB2AE89F3849055183C2D2D51-1F1AA15B3F2FE9F69DCFB219D1B0AA75CA70E15F025ED3AC3BDC84B9439201E0,N,Y
084EB7833170AA6155EDAB31B7853B3B748922BDB2AE89F3849055183C2D2D51-1F45ED147BE063FD32E91A0E0D34A4A17FB65C429A38F3C625985B99721307F6,N,Y
084EB7833170AA6155EDAB31B7853B3B748922BDB2AE89F3849055183C2D2D51-1F7D321194DBECFC6D074A61AB6F75F4A0AA945A8EB7F0A7DE2A48CCFB1F6452,N,Y
084EB7833170AA6155EDAB31B7853B3B748922BDB2AE89F3849055183C2D2D51-2097B43B7B82E96AD2FC5A4F14383888147B917A8826505A4D233E621921A6E9,N,Y
084EB7833170AA6155EDAB31B7853B3B748922BDB2AE89F3849055183C2D2D51-20E542CD70CA602F24C571DE1345AB740BA9783AB937BD42A6CB13E615A43948,N,Y
084EB7833170AA6155EDAB31B7853B3B748922BDB2AE89F3849055183C2D2D51-23261665594997B7F27E405F5A79BE52F488C3F828F6F936ACB6E31A3A2E900B,N,Y
084EB7833170AA6155EDAB31B7853B3B748922BDB2AE89F3849055183C2D2D51-2443AFC2E4732AADFB7B49119D35D62F70F42B2ACEBD68F244192284721B8A21,N,Y
